time;open;close;high;low;volumefrom;volumeto
2018.01.05 10:00:00;0,000433;0,0004472;0,00045;0,000422;122888,22;53,31
2018.01.05 11:00:00;0,0004472;0,000443;0,0004666;0,000425;522365,64;230,74
2018.01.05 12:00:00;0,000443;0,0004566;0,0004783;0,0004388;467649,01;216,11
2018.01.05 13:00:00;0,0004566;0,0004535;0,00047;0,00045;309524,33;142,34
2018.01.05 14:00:00;0,0004535;0,0004498;0,0004599;0,0004419;323279,29;145,79
2018.01.05 15:00:00;0,0004498;0,0004412;0,00045;0,0004395;248281,06;110,23
2018.01.05 16:00:00;0,0004412;0,0004188;0,0004436;0,0004025;937108,94;391,55
2018.01.05 17:00:00;0,0004188;0,000396;0,000435;0,0003812;826838,93;328,09
2018.01.05 18:00:00;0,000396;0,0004099;0,000415;0,0003737;812737,34;319,87
2018.01.05 19:00:00;0,0004099;0,0004146;0,000435;0,0004;543912,13;227,16
2018.01.05 20:00:00;0,0004146;0,000411;0,0004489;0,0004052;499117,36;214,62
2018.01.05 21:00:00;0,000411;0,0003997;0,0004232;0,00038;668058,72;267,67
2018.01.05 22:00:00;0,0003997;0,0003889;0,0004072;0,0003811;426179,75;168,39
2018.01.05 23:00:00;0,0003888;0,000402;0,0004118;0,0003795;671234,02;261,97
2018.01.06 00:00:00;0,000402;0,0004075;0,000425;0,0004003;633478,27;261,32
2018.01.06 01:00:00;0,0004075;0,000403;0,0004078;0,0003966;243706,74;98,13
2018.01.06 02:00:00;0,000403;0,000408;0,000414;0,000397;355397,5;143,47
2018.01.06 03:00:00;0,000408;0,0004255;0,0004298;0,000408;418910,23;175,6
2018.01.06 04:00:00;0,0004255;0,0004348;0,0004399;0,0004227;292783,85;126,5
2018.01.06 05:00:00;0,0004348;0,0004305;0,0004491;0,000419;325467,12;140,8
2018.01.06 06:00:00;0,0004305;0,0004276;0,0004311;0,000421;130833,08;55,89
2018.01.06 07:00:00;0,0004276;0,000435;0,0004388;0,0004249;213939,73;92,32
2018.01.06 08:00:00;0,000435;0,0004414;0,0004419;0,000432;279612,15;122,86
2018.01.06 09:00:00;0,0004414;0,0004574;0,000479;0,0004409;413081,44;187,32
2018.01.06 10:00:00;0,0004574;0,0004635;0,0004765;0,000448;400358,46;184,09
2018.01.06 11:00:00;0,0004635;0,00047;0,0004752;0,0004565;337716,02;158,08
2018.01.06 12:00:00;0,00047;0,0004589;0,0004762;0,000455;263348,46;122,72
2018.01.06 13:00:00;0,0004589;0,0004622;0,000466;0,0004472;317809,94;145,38
2018.01.06 14:00:00;0,0004622;0,000459;0,0004748;0,0004542;388625,31;179,87
2018.01.06 15:00:00;0,000459;0,0004534;0,0004643;0,0004494;255331,08;116,64
2018.01.06 16:00:00;0,0004534;0,00044;0,0004649;0,000425;418947,34;186,83
2018.01.06 17:00:00;0,000448;0,0004453;0,0004529;0,0004331;303399,33;134,68
2018.01.06 18:00:00;0,0004453;0,0004514;0,000455;0,0004365;298701,32;133,24
2018.01.06 19:00:00;0,0004514;0,0004699;0,0004709;0,0004514;376540,12;174,68
2018.01.06 20:00:00;0,0004699;0,000472;0,000473;0,000455;369138,58;171,41
2018.01.06 21:00:00;0,000472;0,0004654;0,000473;0,0004586;369872,7;172,85
2018.01.06 22:00:00;0,0004654;0,00045;0,000466;0,000426;644236,32;286,96
2018.01.06 23:00:00;0,00045;0,0004536;0,0004552;0,0004424;199791,49;89,62
2018.01.07 00:00:00;0,000454;0,0004585;0,00046;0,0004424;257597,36;117,33
2018.01.07 01:00:00;0,0004585;0,0004661;0,0004727;0,000457;333382,81;155,83
2018.01.07 02:00:00;0,0004661;0,0004764;0,000477;0,0004637;257016,64;120,8
2018.01.07 03:00:00;0,0004764;0,0004809;0,0004913;0,00047;355203,2;171,83
2018.01.07 04:00:00;0,0004809;0,000485;0,00049;0,0004743;247004,75;119,24
2018.01.07 05:00:00;0,000485;0,000493;0,0004943;0,0004788;387395,87;189,67
2018.01.07 06:00:00;0,000493;0,0004859;0,000495;0,0004816;271280,21;132,24
2018.01.07 07:00:00;0,0004859;0,0004746;0,0004897;0,00047;218875,93;105,43
2018.01.07 08:00:00;0,0004746;0,0004804;0,0004838;0,0004651;217937,71;103,51
2018.01.07 09:00:00;0,000482;0,000489;0,000491;0,0004771;164974,8;80,19
2018.01.07 10:00:00;0,000489;0,0004887;0,0004909;0,0004821;156682,13;76,44
2018.01.07 11:00:00;0,0004877;0,000486;0,0004899;0,000481;171451,51;83,37
2018.01.07 12:00:00;0,000486;0,0004933;0,000497;0,0004859;290278,77;142,74
2018.01.07 13:00:00;0,0004933;0,000503;0,0005144;0,0004933;410866,61;207,29
2018.01.07 14:00:00;0,000503;0,0005196;0,0005271;0,0005014;448481,7;230,52
2018.01.07 15:00:00;0,0005196;0,0005457;0,00055;0,000515;730257,97;390,06
2018.01.07 16:00:00;0,0005457;0,0006288;0,0006527;0,0005457;2557348,77;1538,01
2018.01.07 17:00:00;0,0006288;0,0006349;0,0006486;0,0005928;1368700,93;850,6
2018.01.07 18:00:00;0,0006349;0,0006035;0,000637;0,000581;613267,32;373,02
2018.01.07 19:00:00;0,0006035;0,000624;0,0006383;0,00059;630551,43;390,24
2018.01.07 20:00:00;0,000624;0,0006202;0,000648;0,0006154;674896,25;426,61
2018.01.07 21:00:00;0,0006202;0,0006192;0,0006219;0,000605;109327,91;66,91
2018.01.07 22:00:00;0,0006192;0,0005912;0,000629;0,0005721;574781,94;342,34
2018.01.07 23:00:00;0,0005912;0,0006099;0,0006217;0,0005912;392205,9;238,98
2018.01.08 00:00:00;0,0006099;0,0006374;0,0006498;0,0005962;441168,95;273,29
2018.01.08 01:00:00;0,0006374;0,0006311;0,000647;0,0006201;393522,55;250,32
2018.01.08 02:00:00;0,0006311;0,0006319;0,0006428;0,0006131;248881,4;156,27
2018.01.08 03:00:00;0,0006318;0,0006678;0,0006785;0,0006248;727570,65;478,42
2018.01.08 04:00:00;0,0006678;0,0007102;0,00072;0,0006678;513169,99;357,95
2018.01.08 05:00:00;0,0007102;0,0006882;0,0007166;0,0006815;440089,2;307,34
2018.01.08 06:00:00;0,0006882;0,0006893;0,00071;0,0006761;366957,26;254,13
2018.01.08 07:00:00;0,0006898;0,00066;0,0006923;0,000652;220229,45;147,34
2018.01.08 08:00:00;0,00066;0,0006729;0,0006849;0,0006578;255986,56;172,47
2018.01.08 09:00:00;0,0006729;0,0006506;0,0006766;0,000643;522837,88;341,86
2018.01.08 10:00:00;0,0006506;0,000651;0,000668;0,0006501;214987,23;141,34
2018.01.08 11:00:00;0,000651;0,0006756;0,00069;0,000651;270656,44;180,91
2018.01.08 12:00:00;0,0006756;0,0006759;0,0006943;0,00067;277094,6;189,16
2018.01.08 13:00:00;0,0006759;0,0006513;0,0006778;0,0006479;312893,01;207,36
2018.01.08 14:00:00;0,0006513;0,0006293;0,0006659;0,0006093;667243,21;425,98
2018.01.08 15:00:00;0,0006293;0,0006785;0,0006789;0,0006142;670553,92;437,87
2018.01.08 16:00:00;0,0006785;0,00068;0,0006943;0,0006661;481259,88;327,16
2018.01.08 17:00:00;0,00068;0,0006715;0,0006814;0,0006618;241412,27;162,32
2018.01.08 18:00:00;0,0006715;0,0006924;0,0006965;0,0006707;237501;162,62
2018.01.08 19:00:00;0,0006924;0,0007146;0,0007149;0,00069;391195,09;274,46
2018.01.08 20:00:00;0,0007146;0,0007024;0,0007188;0,0006855;359004,42;251,74
2018.01.08 21:00:00;0,0007024;0,0007147;0,0007196;0,0007009;233496,29;166,25
2018.01.08 22:00:00;0,0007147;0,0007107;0,0007179;0,000687;319388,36;225,16
2018.01.08 23:00:00;0,0007069;0,0006901;0,0007088;0,0006855;283434,53;196,92
2018.01.09 00:00:00;0,0006901;0,0007184;0,0007196;0,0006865;280626,02;198,86
2018.01.09 01:00:00;0,0007184;0,0007303;0,0007634;0,000717;956072,81;705,88
2018.01.09 02:00:00;0,0007303;0,0007574;0,0007624;0,000729;430512,03;322,73
2018.01.09 03:00:00;0,0007574;0,0008057;0,00082;0,0007568;676864,03;532,6
2018.01.09 04:00:00;0,0008057;0,0007855;0,0008399;0,000769;882172,48;704,84
2018.01.09 05:00:00;0,0007855;0,0008038;0,0008089;0,0007814;332943,06;265,54
2018.01.09 06:00:00;0,0008038;0,000806;0,0008166;0,0007925;326759,59;263,56
2018.01.09 07:00:00;0,000806;0,0007778;0,000807;0,00077;400692,83;315,85
2018.01.09 08:00:00;0,0007778;0,0007621;0,00078;0,0007501;384953,08;294,66
2018.01.09 09:00:00;0,0007621;0,0007777;0,0007874;0,0007621;256922,44;199,63
2018.01.09 10:00:00;0,0007777;0,0007712;0,0007874;0,00077;241570,87;187,97
2018.01.09 11:00:00;0,0007712;0,0007948;0,0007998;0,0007612;298263,1;232,58
2018.01.09 12:00:00;0,0007948;0,0007864;0,0008419;0,0007776;633843,34;512,34
2018.01.09 13:00:00;0,0007864;0,0007748;0,0007978;0,0007618;392572,99;307,1
2018.01.09 14:00:00;0,0007748;0,0007803;0,000798;0,0007705;244070,22;190,75
2018.01.09 15:00:00;0,0007803;0,0007728;0,0007818;0,00076;344815,28;264,57
2018.01.09 16:00:00;0,0007745;0,0007552;0,0007755;0,0007518;256632,41;196,47
2018.01.09 17:00:00;0,0007552;0,0008032;0,000805;0,0007518;341558,34;266,29
2018.01.09 18:00:00;0,0008032;0,0008081;0,0008195;0,0007827;367092,22;294,56
2018.01.09 19:00:00;0,0008081;0,000817;0,0008277;0,0008059;328505,22;269,28
2018.01.09 20:00:00;0,000817;0,0008391;0,000849;0,0008158;432844,95;361,59
2018.01.09 21:00:00;0,0008391;0,0008563;0,0008595;0,0008331;453232,64;384,51
2018.01.09 22:00:00;0,0008563;0,0008375;0,0008563;0,0008266;369826,82;311,12
2018.01.09 23:00:00;0,0008375;0,0008458;0,00085;0,00081;321056,61;266,74
2018.01.10 00:00:00;0,0008458;0,000859;0,0008685;0,0008401;285557,78;244,06
2018.01.10 01:00:00;0,000859;0,0008392;0,000866;0,0008325;259593,58;219,98
2018.01.10 02:00:00;0,0008392;0,0008287;0,00084;0,0008165;224021,62;185,56
2018.01.10 03:00:00;0,0008287;0,0008118;0,0008375;0,0008116;231014,54;190,94
2018.01.10 04:00:00;0,0008118;0,0008304;0,0008399;0,0008061;286996,93;236,18
2018.01.10 05:00:00;0,0008304;0,0007826;0,0008304;0,0007777;361693;288,53
2018.01.10 06:00:00;0,0007826;0,0007978;0,00081;0,0007601;318024,6;251,22
2018.01.10 07:00:00;0,0007978;0,0007817;0,000803;0,000769;317047,67;250,42
2018.01.10 08:00:00;0,0007817;0,0007702;0,000785;0,0007501;441442,59;337,59
2018.01.10 09:00:00;0,0007702;0,0008038;0,0008088;0,0007555;241210,34;188,57
2018.01.10 10:00:00;0,0008038;0,0007902;0,00081;0,00078;185644,29;147,79
2018.01.10 11:00:00;0,0007902;0,0008084;0,0008086;0,0007857;109894,18;87,8
2018.01.10 12:00:00;0,0008084;0,0007753;0,00081;0,000775;238821,19;188,7
2018.01.10 13:00:00;0,0007753;0,0007735;0,0007925;0,0007601;221178,4;170,99
2018.01.10 14:00:00;0,0007735;0,0007585;0,0007735;0,0007527;279118,23;212,72
2018.01.10 15:00:00;0,0007585;0,0007664;0,00077;0,0007275;466668,52;349,75
2018.01.10 16:00:00;0,0007664;0,0007854;0,0008118;0,0007616;301551,1;237,49
2018.01.10 17:00:00;0,0007854;0,0007538;0,0007854;0,0007453;233343,38;177,26
2018.01.10 18:00:00;0,0007538;0,000774;0,0007855;0,0007538;207166,88;159,19
2018.01.10 19:00:00;0,0007745;0,0007699;0,0007849;0,000765;150826;116,72
2018.01.10 20:00:00;0,0007699;0,0007485;0,0007699;0,0007425;230602,51;173,38
2018.01.10 21:00:00;0,0007485;0,0007408;0,000762;0,00074;177145,25;132,94
2018.01.10 22:00:00;0,0007408;0,0007498;0,000754;0,000725;273830,46;202,23
2018.01.10 23:00:00;0,0007498;0,0007402;0,0007545;0,0007308;185774,22;138,42
2018.01.11 00:00:00;0,0007402;0,0007901;0,0007973;0,0007369;245193,91;189,99
2018.01.11 01:00:00;0,0007901;0,0007621;0,0007919;0,0007555;176783,02;136,15
2018.01.11 02:00:00;0,0007621;0,0007555;0,0007681;0,000734;218015,75;162,99
2018.01.11 03:00:00;0,0007555;0,0006899;0,0007555;0,000604;1362603,27;920,27
2018.01.11 04:00:00;0,0006899;0,0007099;0,0007374;0,0005766;3128124,47;1997,31
2018.01.11 05:00:00;0,0007099;0,000678;0,000739;0,0006766;900472,83;640,97
2018.01.11 06:00:00;0,000678;0,0007327;0,0007373;0,0006586;889415,08;619,91
2018.01.11 07:00:00;0,0007327;0,0007681;0,0007699;0,0007101;410954,29;304,51
2018.01.11 08:00:00;0,0007681;0,0007348;0,0007699;0,0007172;358538,59;267,23
2018.01.11 09:00:00;0,0007348;0,0007391;0,00076;0,000729;259248,05;192,15
2018.01.11 10:00:00;0,0007391;0,0007132;0,00074;0,0007067;252281,09;182,43
2018.01.11 11:00:00;0,0007132;0,000695;0,0007299;0,000683;387684,24;273,28
2018.01.11 12:00:00;0,000695;0,0007224;0,0007386;0,0006921;320095,42;229,98
2018.01.11 13:00:00;0,0007224;0,0007182;0,0007309;0,0007103;216653,63;156,29
2018.01.11 14:00:00;0,0007182;0,0006744;0,0007349;0,0006708;438499,16;309,63
2018.01.11 15:00:00;0,0006744;0,0007062;0,0007274;0,0006744;309492;217,75
2018.01.11 16:00:00;0,0007062;0,000721;0,00073;0,0007053;211858,59;152,62
2018.01.11 17:00:00;0,000721;0,0007061;0,0007224;0,0006907;242094,03;172,59
2018.01.11 18:00:00;0,0007061;0,0007026;0,0007076;0,0006901;158074,44;110,72
2018.01.11 19:00:00;0,0007026;0,0007027;0,0007073;0,000695;155624,62;109,27
2018.01.11 20:00:00;0,0007027;0,0006988;0,0007073;0,0006982;141615,57;99,59
2018.01.11 21:00:00;0,0006988;0,0006805;0,0007037;0,0006805;246342,82;170,21
2018.01.11 22:00:00;0,0006805;0,0006631;0,000692;0,0006517;308284,95;207,67
2018.01.11 23:00:00;0,0006631;0,0006837;0,000695;0,0006287;767349,67;507,48
2018.01.12 00:00:00;0,0006837;0,0006635;0,0006876;0,00066;213127,54;143,5
2018.01.12 01:00:00;0,0006635;0,0006636;0,000681;0,0006552;265690,06;176,04
2018.01.12 02:00:00;0,0006636;0,0006855;0,000694;0,0006611;155671,52;105,3
2018.01.12 03:00:00;0,0006855;0,0007002;0,0007073;0,0006786;212219,79;147,67
2018.01.12 04:00:00;0,0007002;0,0007222;0,0007344;0,0006963;313906,9;224,69
2018.01.12 05:00:00;0,0007222;0,000705;0,000727;0,0006956;257715,26;183,17
2018.01.12 06:00:00;0,000705;0,0006688;0,0007053;0,0006619;305056,8;209,69
2018.01.12 07:00:00;0,0006688;0,0006848;0,0006975;0,000666;237724,8;162,18
2018.01.12 08:00:00;0,0006848;0,000676;0,0006949;0,000666;214253,96;144,86
2018.01.12 09:00:00;0,000676;0,0006769;0,0006842;0,0006661;86820,89;58,73
2018.01.12 10:00:00;0,0006769;0,000674;0,0006779;0,0006502;141787,04;94,88
2018.01.12 11:00:00;0,000674;0,0006818;0,0006973;0,0006636;206879,49;141,43
2018.01.12 12:00:00;0,0006818;0,000688;0,0006888;0,000675;144030,98;98,22
2018.01.12 13:00:00;0,000688;0,0006905;0,000705;0,0006832;203749,95;141,37
2018.01.12 14:00:00;0,0006905;0,0006838;0,0006922;0,000679;171124,93;117,12
2018.01.12 15:00:00;0,0006838;0,0006785;0,000694;0,0006666;195814,86;133,44
2018.01.12 16:00:00;0,0006785;0,000669;0,0007;0,0006502;346946,22;232,23
2018.01.12 17:00:00;0,000669;0,0006862;0,000704;0,0006669;292796,42;200,81
2018.01.12 18:00:00;0,0006862;0,000722;0,0007324;0,000686;344124,77;245,75
2018.01.12 19:00:00;0,0007219;0,000709;0,0007445;0,000706;402900,75;293,85
2018.01.12 20:00:00;0,000709;0,0007282;0,0007402;0,0007074;242379,46;175,65
2018.01.12 21:00:00;0,0007282;0,000745;0,0007495;0,0007224;245383,8;181,26
2018.01.12 22:00:00;0,000745;0,0007317;0,0007491;0,0007297;204171,33;150,57
2018.01.12 23:00:00;0,0007317;0,000712;0,0007327;0,0007051;214457,5;154,15
2018.01.13 00:00:00;0,000712;0,0007124;0,0007308;0,0007067;130820,31;94,15
2018.01.13 01:00:00;0,0007124;0,0007019;0,0007243;0,00069;217950,54;154,28
2018.01.13 02:00:00;0,0007019;0,0006779;0,0007092;0,000665;354088,88;242,43
2018.01.13 03:00:00;0,0006779;0,0006673;0,0006842;0,000657;418592,8;280,44
2018.01.13 04:00:00;0,0006673;0,0006671;0,0006933;0,0006602;295408,62;199,79
2018.01.13 05:00:00;0,0006671;0,0006635;0,000672;0,0006504;328621,46;217,54
2018.01.13 06:00:00;0,0006635;0,0006746;0,0006895;0,0006635;244300,01;165,78
2018.01.13 07:00:00;0,0006746;0,0006866;0,0006924;0,00067;187181,01;127,86
2018.01.13 08:00:00;0,0006866;0,000681;0,0006866;0,0006716;140329,46;95,39
2018.01.13 09:00:00;0,000681;0,00069;0,0006922;0,0006733;145115,63;98,86
2018.01.13 10:00:00;0,00069;0,0006856;0,0007053;0,0006784;264088,56;182,63
2018.01.13 11:00:00;0,0006856;0,0006985;0,0006998;0,000683;119262,48;82,31
2018.01.13 12:00:00;0,0006985;0,0006959;0,0007137;0,0006885;253714,5;178,1
2018.01.13 13:00:00;0,0006959;0,0006934;0,0007249;0,0006899;345376,56;244,61
2018.01.13 14:00:00;0,0006934;0,0006776;0,0006945;0,0006699;262973,72;179,14
2018.01.13 15:00:00;0,0006776;0,0006735;0,000695;0,0006622;247543,37;167,01
2018.01.13 16:00:00;0,0006735;0,0006839;0,0006862;0,0006699;148708,8;100,47
2018.01.13 17:00:00;0,0006839;0,0006859;0,0006963;0,0006729;194260,34;133,68
2018.01.13 18:00:00;0,0006859;0,0006883;0,000694;0,00067;249289,91;170
2018.01.13 19:00:00;0,0006883;0,000679;0,00069;0,000675;165250,43;112,7
2018.01.13 20:00:00;0,000679;0,0006982;0,0007061;0,00067;223949,82;154,87
2018.01.13 21:00:00;0,0006982;0,0006878;0,0007031;0,0006857;147390,62;102,66
2018.01.13 22:00:00;0,0006878;0,0006948;0,0007003;0,0006866;142756,06;99,02
2018.01.13 23:00:00;0,0006948;0,0006949;0,0006991;0,0006859;103603,31;71,69
2018.01.14 00:00:00;0,0006949;0,0007094;0,000711;0,00069;189629,56;133,13
2018.01.14 01:00:00;0,0007094;0,0007395;0,0007409;0,0007016;540504,14;393,11
2018.01.14 02:00:00;0,0007395;0,0007358;0,0007458;0,0007151;405015;296,98
2018.01.14 03:00:00;0,0007358;0,0007348;0,0007363;0,00072;241760,66;175,96
2018.01.14 04:00:00;0,0007348;0,0007429;0,0007495;0,0007335;302506,13;224,84
2018.01.14 05:00:00;0,0007429;0,0007293;0,000749;0,0007223;291305,35;214,1
2018.01.14 06:00:00;0,0007293;0,0007271;0,0007391;0,0007201;134824,06;98,22
2018.01.14 07:00:00;0,0007271;0,0007149;0,0007292;0,0007075;155296,91;111,39
2018.01.14 08:00:00;0,0007149;0,0007061;0,0007215;0,0007057;181150,57;128,83
2018.01.14 09:00:00;0,0007061;0,0007136;0,0007199;0,0007058;151610,57;107,89
2018.01.14 10:00:00;0,0007136;0,0007171;0,000722;0,0007076;108811,36;77,81
2018.01.14 11:00:00;0,0007171;0,0007189;0,0007199;0,000711;129375,39;92,35
2018.01.14 12:00:00;0,0007189;0,0007103;0,0007213;0,0007057;160215,4;114,38
2018.01.14 13:00:00;0,0007103;0,0007024;0,0007122;0,000701;142708,61;100,63
2018.01.14 14:00:00;0,0007024;0,0007281;0,0007295;0,0007017;263151,08;188,58
2018.01.14 15:00:00;0,0007281;0,0007204;0,0007393;0,0007204;275870,56;200,98
2018.01.14 16:00:00;0,0007108;0,0007136;0,000728;0,0007059;186883,75;134,1
2018.01.14 17:00:00;0,0007136;0,0007211;0,0007248;0,0007113;93285,99;67,16
2018.01.14 18:00:00;0,0007211;0,000731;0,0007385;0,0007178;162126,52;118,7
2018.01.14 19:00:00;0,000731;0,0007287;0,0007385;0,0007255;145032,58;106,59
2018.01.14 20:00:00;0,0007287;0,000737;0,000743;0,0007287;181826,57;133,93
2018.01.14 21:00:00;0,000737;0,0007448;0,0007491;0,0007322;186262,33;138,54
2018.01.14 22:00:00;0,0007448;0,000764;0,000764;0,0007406;307683,6;231,01
2018.01.14 23:00:00;0,000764;0,000772;0,0007905;0,000755;666995,58;516,58
2018.01.15 00:00:00;0,000772;0,0007742;0,0007905;0,000772;291431,4;227,95
2018.01.15 01:00:00;0,0007742;0,0007481;0,0007759;0,0007481;258793,1;196,83
2018.01.15 02:00:00;0,0007481;0,0007706;0,000781;0,0007475;174050,34;133,4
2018.01.15 03:00:00;0,0007706;0,000752;0,000775;0,0007485;66557,35;50,47
2018.01.15 04:00:00;0,000752;0,0007523;0,000764;0,0007486;151281,85;114,18
2018.01.15 05:00:00;0,0007523;0,0007611;0,0007695;0,0007522;145951,98;111,13
2018.01.15 06:00:00;0,0007611;0,0007533;0,0007639;0,0007513;130674,21;99,11
2018.01.15 07:00:00;0,0007533;0,000743;0,0007594;0,000735;194808,57;144,97
2018.01.15 08:00:00;0,000743;0,0007469;0,0007625;0,0007405;201289,5;150,95
2018.01.15 09:00:00;0,0007469;0,000734;0,0007494;0,0007333;140541,22;104,06
2018.01.15 10:00:00;0,000734;0,0007149;0,0007352;0,0007093;338444,74;243,94
2018.01.15 11:00:00;0,0007149;0,000722;0,000732;0,0007051;178311,92;128,4
2018.01.15 12:00:00;0,0007204;0,0006937;0,0007225;0,0006916;197901,22;139,58
2018.01.15 13:00:00;0,0006937;0,0006728;0,0007036;0,000671;359674,2;245,95
2018.01.15 14:00:00;0,0006728;0,0006955;0,0007074;0,000671;282811,12;192,98
2018.01.15 15:00:00;0,0006955;0,0006907;0,000705;0,000685;172941,54;120,33
2018.01.15 16:00:00;0,0006907;0,0006965;0,00072;0,0006877;167041,61;117,55
2018.01.15 17:00:00;0,0006965;0,0006977;0,000715;0,000685;141884,25;99,22
2018.01.15 18:00:00;0,0006977;0,0006881;0,0007035;0,0006868;136506,51;94,95
2018.01.15 19:00:00;0,0006881;0,0006826;0,0006989;0,0006799;272173,86;186,6
2018.01.15 20:00:00;0,0006826;0,0006944;0,0006985;0,000675;230769,26;158,08
2018.01.15 21:00:00;0,0006944;0,0007052;0,000726;0,0006943;325501,42;232,54
2018.01.15 22:00:00;0,0007052;0,0007146;0,0007234;0,0007052;133942,8;95,82
2018.01.15 23:00:00;0,0007146;0,000726;0,0007317;0,000703;178432,12;128,15
2018.01.16 00:00:00;0,000726;0,0007098;0,0007295;0,0006963;201563,38;142,53
2018.01.16 01:00:00;0,0007098;0,000684;0,0007098;0,0006822;259649,49;179,47
2018.01.16 02:00:00;0,000684;0,0006972;0,0007005;0,00068;198784,15;136,79
2018.01.16 03:00:00;0,0006972;0,000705;0,0007119;0,0006972;142634,42;100,76
2018.01.16 04:00:00;0,000705;0,000701;0,0007076;0,0006963;162669,93;113,89
2018.01.16 05:00:00;0,000701;0,0006985;0,0007077;0,0006966;69943,27;49,02
2018.01.16 06:00:00;0,0006985;0,0006785;0,000701;0,0006719;186159,57;127,82
2018.01.16 07:00:00;0,0006785;0,000658;0,000686;0,000658;218352,24;146,63
2018.01.16 08:00:00;0,000658;0,000653;0,0006636;0,0006011;798938,96;510,96
2018.01.16 09:00:00;0,000653;0,0006072;0,0006594;0,00059;586623,05;364,58
2018.01.16 10:00:00;0,0006109;0,0006398;0,0006547;0,0005856;656470,16;403,19
2018.01.16 11:00:00;0,0006398;0,0006807;0,000681;0,0006398;459042,96;305,46
2018.01.16 12:00:00;0,0006807;0,000657;0,000687;0,00065;326100,11;219,12
2018.01.16 13:00:00;0,000657;0,00064;0,0006819;0,0006363;250983,94;165,1
2018.01.16 14:00:00;0,00064;0,0006666;0,0006799;0,0006372;260229,86;171,92
2018.01.16 15:00:00;0,0006666;0,0006781;0,000688;0,000665;234630,81;159,03
2018.01.16 16:00:00;0,0006781;0,0006832;0,000689;0,0006725;169640,06;115,64
2018.01.16 17:00:00;0,0006832;0,0006647;0,0006881;0,0006617;247496,97;166,24
2018.01.16 18:00:00;0,0006647;0,000667;0,000675;0,0006501;271068,44;178,77
2018.01.16 19:00:00;0,000667;0,0006755;0,0006776;0,0006641;110513,77;74,19
2018.01.16 20:00:00;0,0006755;0,000658;0,0006773;0,0006576;135878,48;90,49
2018.01.16 21:00:00;0,000658;0,000602;0,0006637;0,0006013;574957,98;359,47
2018.01.16 22:00:00;0,000602;0,00064;0,0006408;0,0005669;882207,82;531,04
2018.01.16 23:00:00;0,0006391;0,0006483;0,0006601;0,000608;444779,33;285,68
2018.01.17 00:00:00;0,0006483;0,0006504;0,0006799;0,0006383;396887,4;261,38
2018.01.17 01:00:00;0,0006504;0,0006537;0,000665;0,0006455;165695,86;108,7
2018.01.17 02:00:00;0,0006537;0,0006225;0,0006539;0,0006206;187310,78;119,65
2018.01.17 03:00:00;0,0006225;0,0006226;0,0006411;0,0006049;334895,08;207,17
2018.01.17 04:00:00;0,0006226;0,0006281;0,0006371;0,0006077;184940,67;115,3
2018.01.17 05:00:00;0,0006281;0,0006325;0,0006397;0,0006224;185062,97;116,55
2018.01.17 06:00:00;0,0006325;0,0006514;0,0006631;0,0006325;149230,78;96,18
2018.01.17 07:00:00;0,0006514;0,0006452;0,000658;0,000636;118165,08;76,38
2018.01.17 08:00:00;0,0006452;0,000636;0,0006472;0,0006325;141867,51;90,87
2018.01.17 09:00:00;0,000636;0,0006411;0,0006489;0,00063;201336,87;128,19
2018.01.17 10:00:00;0,0006411;0,0006265;0,0006411;0,000618;155559,42;97,62
2018.01.17 11:00:00;0,0006265;0,0006089;0,0006309;0,0006042;295053,44;182,61
2018.01.17 12:00:00;0,0006089;0,0006117;0,0006295;0,0006051;147417,03;90,08
2018.01.17 13:00:00;0,0006117;0,000585;0,0006117;0,000585;236536,65;141,25
2018.01.17 14:00:00;0,000585;0,0005515;0,0005899;0,0005512;684699,61;390,45
2018.01.17 15:00:00;0,0005515;0,0005533;0,0005797;0,0005309;639627,59;353,07
2018.01.17 16:00:00;0,0005533;0,000606;0,000606;0,0005474;395922,46;230,34
2018.01.17 17:00:00;0,000606;0,0005887;0,0006065;0,0005638;433006,73;252,89
2018.01.17 18:00:00;0,0005887;0,00058;0,0005952;0,0005737;291256,69;170,39
2018.01.17 19:00:00;0,00058;0,000605;0,00061;0,0005782;254218,64;151,17
2018.01.17 20:00:00;0,000605;0,0006478;0,0006554;0,0006012;548911,85;346,99
2018.01.17 21:00:00;0,0006478;0,0006852;0,0006853;0,000635;572770,56;378,27
2018.01.17 22:00:00;0,0006852;0,0006612;0,000705;0,00064;732097,23;494,06
2018.01.17 23:00:00;0,0006612;0,0006747;0,0006862;0,0006425;323087,38;214,56
2018.01.18 00:00:00;0,0006747;0,000676;0,000678;0,0006587;242765,38;161,77
2018.01.18 01:00:00;0,000676;0,0006798;0,000697;0,0006696;266547,41;181,58
2018.01.18 02:00:00;0,0006798;0,000684;0,0007;0,0006657;273150,59;186,89
2018.01.18 03:00:00;0,000684;0,0006811;0,000699;0,0006731;224533,1;154,43
2018.01.18 04:00:00;0,0006811;0,000662;0,0006894;0,00065;221622,62;148,63
2018.01.18 05:00:00;0,000662;0,0006521;0,0006701;0,0006363;297428,39;194,47
2018.01.18 06:00:00;0,0006521;0,0006606;0,0006697;0,00065;129734,64;85,41
2018.01.18 07:00:00;0,0006606;0,0006477;0,0006689;0,0006471;202222,41;132,91
2018.01.18 08:00:00;0,0006477;0,0006586;0,00066;0,0006454;136063,03;88,81
2018.01.18 09:00:00;0,0006586;0,00066;0,0006651;0,000648;152835,71;100,73
2018.01.18 10:00:00;0,00066;0,0006641;0,0006678;0,0006569;133484,24;88,46
2018.01.18 11:00:00;0,0006641;0,0006956;0,0007062;0,0006621;446348,47;309,56
2018.01.18 12:00:00;0,0006956;0,000704;0,0007169;0,0006911;368614,96;260,23
2018.01.18 13:00:00;0,000704;0,0006988;0,0007095;0,0006915;246349,81;172,3
2018.01.18 14:00:00;0,0006988;0,0007048;0,0007066;0,0006914;167302,19;116,78
2018.01.18 15:00:00;0,0007048;0,0007129;0,000715;0,0006972;242898,43;171,89
2018.01.18 16:00:00;0,0007129;0,0007118;0,0007149;0,000695;266384,59;187,94
2018.01.18 17:00:00;0,0007118;0,0006994;0,000713;0,0006951;232669,54;163,84
2018.01.18 18:00:00;0,0006994;0,000707;0,0007098;0,0006933;214730,8;150,72
2018.01.18 19:00:00;0,0007071;0,0007124;0,0007145;0,000705;136028,24;96,73
2018.01.18 20:00:00;0,0007124;0,000731;0,0007334;0,0007101;309958,65;223,94
2018.01.18 21:00:00;0,000731;0,0007125;0,0007334;0,000709;229100,98;165,55
2018.01.18 22:00:00;0,0007125;0,0006965;0,000715;0,0006835;470450,76;326,91
2018.01.18 23:00:00;0,0006965;0,0006966;0,0007008;0,0006841;229300,94;158,8
2018.01.19 00:00:00;0,0006966;0,0007058;0,0007153;0,0006953;188297,19;132,46
2018.01.19 01:00:00;0,0007058;0,0006974;0,00071;0,000696;123351,93;86,58
2018.01.19 02:00:00;0,0006974;0,0006747;0,0006982;0,0006726;232523,82;159,64
2018.01.19 03:00:00;0,0006747;0,0006955;0,0007024;0,0006666;218002,27;148,34
2018.01.19 04:00:00;0,0006955;0,0006825;0,0007;0,000675;173711,55;119
2018.01.19 05:00:00;0,0006825;0,000693;0,0006953;0,0006809;146837;101,41
2018.01.19 06:00:00;0,000693;0,0006919;0,000698;0,0006898;103934,48;72,1
2018.01.19 07:00:00;0,0006919;0,0006973;0,0006975;0,0006913;87627,53;60,93
2018.01.19 08:00:00;0,0006973;0,0007186;0,000722;0,0006955;441410,08;312,95
2018.01.19 09:00:00;0,0007186;0,0007151;0,0007228;0,0007096;180242,48;129,03
2018.01.19 10:00:00;0,0007151;0,00072;0,0007243;0,0007085;179408,23;129,05
2018.01.19 11:00:00;0,00072;0,00073;0,0007325;0,00072;247731,57;180,49
2018.01.19 12:00:00;0,00073;0,0007311;0,0007334;0,000725;214574,84;156,66
2018.01.19 13:00:00;0,0007311;0,00072;0,0007334;0,00072;147367,35;107,2
2018.01.19 14:00:00;0,00072;0,0007137;0,0007373;0,0007045;279670;201,13
2018.01.19 15:00:00;0,0007137;0,000711;0,0007239;0,0007101;168230,58;120,47
2018.01.19 16:00:00;0,000711;0,0007199;0,000721;0,0007105;97073,86;69,54
2018.01.19 17:00:00;0,0007199;0,000712;0,0007272;0,0007086;166715,93;119,28
2018.01.19 18:00:00;0,000712;0,0007208;0,0007235;0,0007049;198887,7;141,64
2018.01.19 19:00:00;0,0007208;0,0007174;0,0007264;0,000715;147199,22;106,2
2018.01.19 20:00:00;0,0007174;0,0007145;0,0007198;0,000697;199127,38;141,63
2018.01.19 21:00:00;0,0007145;0,0007169;0,000717;0,0007081;106733,03;76,18
2018.01.19 22:00:00;0,0007169;0,000729;0,0007299;0,0007125;148508,82;106,99
2018.01.19 23:00:00;0,000729;0,0007392;0,0007395;0,0007185;205901,23;149,79
2018.01.20 00:00:00;0,0007392;0,000744;0,000745;0,0007336;218205,7;161,7
2018.01.20 01:00:00;0,000744;0,000754;0,000754;0,0007377;279704,73;208,74
2018.01.20 02:00:00;0,000754;0,0007677;0,0007739;0,0007531;403082,11;308,68
2018.01.20 03:00:00;0,0007677;0,0007582;0,000771;0,0007522;207557,19;158,23
2018.01.20 04:00:00;0,0007582;0,0007349;0,000763;0,0007231;310579,79;231,31
2018.01.20 05:00:00;0,0007349;0,0007459;0,0007538;0,0007203;442027,21;324,39
2018.01.20 06:00:00;0,0007459;0,000751;0,0007604;0,00074;300032,62;225,29
2018.01.20 07:00:00;0,0007507;0,0007526;0,0007626;0,0007466;138768,45;104,77
2018.01.20 08:00:00;0,0007526;0,0007515;0,000768;0,00075;185206,22;140,87
2018.01.20 09:00:00;0,0007515;0,0007614;0,000766;0,0007402;219113,08;165,11
2018.01.20 10:00:00;0,0007614;0,0007799;0,0007845;0,000755;272811,8;209,91
2018.01.20 11:00:00;0,0007799;0,0007897;0,000798;0,0007752;358498,23;282,98
2018.01.20 12:00:00;0,0007897;0,0007869;0,000798;0,000774;249307,1;196,04
2018.01.20 13:00:00;0,0007869;0,0007936;0,0007995;0,0007866;192627,37;152,85
2018.01.20 14:00:00;0,0007936;0,0008301;0,000845;0,00079;951286,44;776,49
2018.01.20 15:00:00;0,0008301;0,0008365;0,000845;0,0008119;521264,09;432,84
2018.01.20 16:00:00;0,0008365;0,000812;0,000838;0,000808;457831,89;377,98
2018.01.20 17:00:00;0,000812;0,0008147;0,0008296;0,0008072;298249,69;243,6
2018.01.20 18:00:00;0,0008147;0,0007949;0,0008299;0,0007915;285093,85;231,15
2018.01.20 19:00:00;0,0007949;0,0008075;0,0008165;0,0007914;281203,21;225,72
2018.01.20 20:00:00;0,0008075;0,0008323;0,0008324;0,0008075;233943,83;192,47
2018.01.20 21:00:00;0,0008323;0,0008218;0,0008324;0,0008031;193809,96;158,55
2018.01.20 22:00:00;0,0008218;0,0008199;0,000828;0,0008165;150735,46;123,73
2018.01.20 23:00:00;0,0008199;0,0008055;0,0008221;0,000805;232484,92;188,68
2018.01.21 00:00:00;0,0008055;0,000785;0,0008108;0,0007845;324297,81;258,38
2018.01.21 01:00:00;0,000785;0,0007877;0,0008049;0,0007811;247614,61;196,16
2018.01.21 02:00:00;0,0007877;0,0007917;0,0007981;0,0007829;147040,49;116,32
2018.01.21 03:00:00;0,0007917;0,0007821;0,000802;0,0007801;220416,03;174,8
2018.01.21 04:00:00;0,0007821;0,0007799;0,0007949;0,0007702;231882,01;180,82
2018.01.21 05:00:00;0,0007799;0,000765;0,0007799;0,0007506;274246,32;209,65
2018.01.21 06:00:00;0,000765;0,0007582;0,0007769;0,0007537;220848,77;169,06
2018.01.21 07:00:00;0,0007582;0,0007491;0,0007718;0,0007303;372454,07;278,3
2018.01.21 08:00:00;0,0007491;0,00075;0,0007645;0,0007277;400155,66;296,49
2018.01.21 09:00:00;0,00075;0,0007621;0,0007635;0,0007336;213468,17;159
2018.01.21 10:00:00;0,0007621;0,0007809;0,00079;0,0007505;322271,76;250,09
2018.01.21 11:00:00;0,0007809;0,0007943;0,0007961;0,0007616;185511,92;144,44
2018.01.21 12:00:00;0,0007943;0,0007908;0,0008027;0,0007824;203900,2;161,85
2018.01.21 13:00:00;0,0007908;0,0007964;0,0008075;0,0007906;183359,76;146,62
2018.01.21 14:00:00;0,0007964;0,000772;0,0008;0,0007603;322232,92;252,43
2018.01.21 15:00:00;0,000772;0,0007565;0,0007805;0,000751;255268,21;195,12
2018.01.21 16:00:00;0,0007565;0,0007565;0,0007678;0,0007364;359699,89;270,41
2018.01.21 17:00:00;0,0007565;0,0007588;0,00076;0,0007381;232056,19;173,93
2018.01.21 18:00:00;0,0007588;0,0007602;0,0007648;0,000731;299970,59;225,98
2018.01.21 19:00:00;0,0007602;0,0007677;0,000772;0,00076;108694,53;83,55
2018.01.21 20:00:00;0,0007677;0,0007519;0,0007733;0,0007512;207498,37;158,84
2018.01.21 21:00:00;0,0007519;0,000763;0,0007695;0,000746;151733,48;115,27
2018.01.21 22:00:00;0,000763;0,0007715;0,0007747;0,0007575;109049,67;83,57
2018.01.21 23:00:00;0,0007715;0,0007778;0,000778;0,0007677;124213,06;96,25
2018.01.22 00:00:00;0,000778;0,000776;0,0007919;0,0007759;176538,81;138,05
2018.01.22 01:00:00;0,000776;0,0007808;0,0007833;0,0007705;120187,92;93,43
2018.01.22 02:00:00;0,0007808;0,0007726;0,0007813;0,000757;198300,15;151,84
2018.01.22 03:00:00;0,0007726;0,0007859;0,0007894;0,0007611;175888,88;136,13
2018.01.22 04:00:00;0,0007859;0,0007827;0,000795;0,000769;225848,74;176,88
2018.01.22 05:00:00;0,0007827;0,000785;0,0007941;0,00078;164148,69;129,33
2018.01.22 06:00:00;0,000785;0,0007689;0,000785;0,0007675;161989,58;125,35
2018.01.22 07:00:00;0,0007689;0,0007751;0,00078;0,0007611;267217,06;205,2
2018.01.22 08:00:00;0,0007751;0,0007674;0,0007777;0,0007612;198570,27;152,48
2018.01.22 09:00:00;0,0007674;0,0007848;0,0007874;0,0007651;134108,73;103,94
2018.01.22 10:00:00;0,0007848;0,0007794;0,0008;0,000777;311305,71;245,4
2018.01.22 11:00:00;0,0007794;0,0007669;0,0007848;0,0007606;195998,61;151,77
2018.01.22 12:00:00;0,0007669;0,0007631;0,0007796;0,0007442;222525,57;169,61
2018.01.22 13:00:00;0,0007631;0,0007483;0,0007648;0,0007337;415562,88;309,26
2018.01.22 14:00:00;0,0007483;0,000753;0,0007591;0,00074;264446,95;197,76
2018.01.22 15:00:00;0,000753;0,0007365;0,0007534;0,0007346;330535,4;245,61
2018.01.22 16:00:00;0,0007365;0,0007405;0,0007476;0,0007321;246894,01;182,9
2018.01.22 17:00:00;0,0007405;0,0007705;0,0007794;0,0007405;300871,13;230,2
2018.01.22 18:00:00;0,0007705;0,0007474;0,0007741;0,000742;202948,29;154,47
2018.01.22 19:00:00;0,0007474;0,0007467;0,0007532;0,00074;209972,45;156,69
2018.01.22 20:00:00;0,0007467;0,0007437;0,0007559;0,0007401;176354,68;131,51
2018.01.22 21:00:00;0,0007437;0,0007423;0,0007478;0,00072;407356,23;298,4
2018.01.22 22:00:00;0,0007423;0,00075;0,0007539;0,000738;208530,31;155,65
2018.01.22 23:00:00;0,00075;0,0007511;0,000756;0,0007457;184802,86;138,56
2018.01.23 00:00:00;0,0007511;0,000752;0,0007561;0,0007454;134582,86;101
2018.01.23 01:00:00;0,000752;0,0007591;0,0007675;0,0007511;172441,55;131,28
2018.01.23 02:00:00;0,0007591;0,000765;0,0007752;0,0007514;187459,32;143,81
2018.01.23 03:00:00;0,000765;0,0007607;0,0007704;0,0007546;149935,47;114,19
2018.01.23 04:00:00;0,0007607;0,0007555;0,0007628;0,0007497;133012,09;100,53
2018.01.23 05:00:00;0,0007555;0,00075;0,0007569;0,000738;174942,65;130,61
2018.01.23 06:00:00;0,00075;0,000754;0,0007634;0,0007476;110251,2;83,26
2018.01.23 07:00:00;0,000754;0,0007465;0,0007557;0,000745;110975,96;83,33
2018.01.23 08:00:00;0,0007465;0,000746;0,0007487;0,0007431;104680,31;78,17
2018.01.23 09:00:00;0,000746;0,0007442;0,0007484;0,00072;174974,79;128,77
2018.01.23 10:00:00;0,0007442;0,000736;0,0007442;0,0007231;103521,58;76,08
2018.01.23 11:00:00;0,000736;0,0007185;0,0007423;0,0007101;216826,25;156,67
2018.01.23 12:00:00;0,0007185;0,0007253;0,0007332;0,0007104;241032,05;174,05
2018.01.23 13:00:00;0,0007253;0,0007221;0,0007308;0,000708;192964,31;138,72
2018.01.23 14:00:00;0,0007221;0,000714;0,0007221;0,000704;149775,5;106,89
2018.01.23 15:00:00;0,000714;0,0007357;0,000748;0,0007099;376456,7;273,1
2018.01.23 16:00:00;0,0007357;0,000753;0,0007589;0,0007326;350785,72;263,48
2018.01.23 17:00:00;0,000753;0,0007378;0,0007588;0,0007317;300004,77;223,03
2018.01.23 18:00:00;0,0007378;0,000753;0,0007575;0,000736;185858,72;139,05
2018.01.23 19:00:00;0,000753;0,0007647;0,0007849;0,0007506;466742,54;357,98
2018.01.23 20:00:00;0,0007647;0,0007795;0,0007854;0,000754;295695,22;229,02
2018.01.23 21:00:00;0,0007795;0,0007628;0,0007993;0,0007575;582982,42;455,1
2018.01.23 22:00:00;0,0007628;0,0007791;0,0007835;0,0007498;461436,43;354,4
2018.01.23 23:00:00;0,0007791;0,0007546;0,00078;0,0007334;379874;287,12
2018.01.24 00:00:00;0,0007546;0,0007389;0,0007559;0,000732;210101,22;155,83
2018.01.24 01:00:00;0,0007389;0,0007677;0,0007723;0,0007389;194637,42;147,47
2018.01.24 02:00:00;0,0007677;0,0007613;0,0007725;0,0007589;164629,91;126,07
2018.01.24 03:00:00;0,0007613;0,0007597;0,0007699;0,000753;143891,88;109,68
2018.01.24 04:00:00;0,0007597;0,0007635;0,0007689;0,0007546;131818,5;100,2
2018.01.24 05:00:00;0,0007635;0,0007767;0,0007834;0,0007583;360084,57;278,21
2018.01.24 06:00:00;0,0007767;0,0007611;0,0007794;0,000753;272864,59;209,1
2018.01.24 07:00:00;0,0007611;0,0007695;0,00077;0,000758;162962,2;124,89
2018.01.24 08:00:00;0,0007695;0,000755;0,0007696;0,0007541;135453,96;103,33
2018.01.24 09:00:00;0,000755;0,000747;0,0007605;0,0007423;232275,72;174,48
2018.01.24 10:00:00;0,000747;0,0007425;0,0007494;0,000733;173074,08;128,4
2018.01.24 11:00:00;0,0007425;0,0007532;0,0007555;0,0007386;195935,55;146,89
2018.01.24 12:00:00;0,0007532;0,0007199;0,000755;0,0007112;407075,42;297,68
2018.01.24 13:00:00;0,0007199;0,0007226;0,0007342;0,0007;635528,81;454,21
2018.01.24 14:00:00;0,0007226;0,0006875;0,0007226;0,0006589;991771,93;685,33
2018.01.24 15:00:00;0,0006875;0,000683;0,000705;0,0006689;623397,24;428,22
2018.01.24 16:00:00;0,000683;0,0007027;0,0007158;0,000677;408859,4;286
2018.01.24 17:00:00;0,0007027;0,0006757;0,0007042;0,0006725;328065,32;226,15
2018.01.24 18:00:00;0,0006757;0,0006876;0,0006983;0,0006703;365268,68;248,28
2018.01.24 19:00:00;0,0006876;0,0007799;0,00081;0,0006739;1754601,89;1322,4
2018.01.24 20:00:00;0,0007799;0,000799;0,0008376;0,000749;2844614,01;2285,66
2018.01.24 21:00:00;0,000799;0,0007728;0,0008245;0,0007574;1453635,55;1137,89
2018.01.24 22:00:00;0,0007728;0,0007544;0,000784;0,0007512;499131,57;381,65
2018.01.24 23:00:00;0,0007544;0,0007382;0,0007696;0,0007368;394639,35;296,57
2018.01.25 00:00:00;0,0007382;0,0007468;0,000776;0,00073;413323,57;309,79
2018.01.25 01:00:00;0,0007468;0,00073;0,000748;0,0007221;268822,97;197,16
2018.01.25 02:00:00;0,00073;0,0007221;0,00074;0,0007123;339493,42;245,77
2018.01.25 03:00:00;0,0007221;0,0007093;0,0007248;0,0007092;284129,59;203,22
2018.01.25 04:00:00;0,0007093;0,0007104;0,0007149;0,0007057;175225,92;124,49
2018.01.25 05:00:00;0,0007104;0,000735;0,0007599;0,0007098;560606,81;415,41
2018.01.25 06:00:00;0,000735;0,0007398;0,000755;0,0007252;318463,45;235,66
2018.01.25 07:00:00;0,0007398;0,0007403;0,0007444;0,0007309;148399,34;109,36
2018.01.25 08:00:00;0,0007403;0,0007237;0,0007403;0,0007158;160581,04;116,58
2018.01.25 09:00:00;0,0007237;0,0007191;0,0007371;0,0007187;108401,25;78,58
2018.01.25 10:00:00;0,0007191;0,000717;0,0007254;0,0007131;97976,85;70,35
2018.01.25 11:00:00;0,000717;0,0007029;0,0007192;0,000702;163245,89;115,9
2018.01.25 12:00:00;0,0007029;0,0007035;0,0007082;0,0007001;212183,32;149,12
2018.01.25 13:00:00;0,0007035;0,00071;0,0007169;0,000701;193351,37;137,19
2018.01.25 14:00:00;0,00071;0,0007059;0,0007104;0,0007;166836,71;117,57
2018.01.25 15:00:00;0,0007059;0,0007018;0,0007271;0,0007018;288796,49;206,09
2018.01.25 16:00:00;0,0007018;0,0006997;0,0007085;0,0006893;265827,15;185,81
2018.01.25 17:00:00;0,0006997;0,0007003;0,0007045;0,000695;157079,72;109,85
2018.01.25 18:00:00;0,0007003;0,0007121;0,0007199;0,0006974;195038,61;137,88
2018.01.25 19:00:00;0,0007121;0,0007279;0,00073;0,000711;207902,08;149,45
2018.01.25 20:00:00;0,0007279;0,0007112;0,0007294;0,0007085;277664,38;198,63
2018.01.25 21:00:00;0,0007112;0,0007038;0,000715;0,0007025;159350,87;113,14
2018.01.25 22:00:00;0,0007038;0,0007042;0,0007135;0,0007;208644,47;147,21
2018.01.25 23:00:00;0,0007042;0,0007006;0,0007073;0,000695;227020,92;159,15
2018.01.26 00:00:00;0,0007006;0,0006945;0,0007051;0,0006934;170258,48;119,18
2018.01.26 01:00:00;0,0006945;0,0006982;0,0007039;0,000694;104872,34;73,19
2018.01.26 02:00:00;0,0006982;0,0006927;0,0007009;0,0006846;187814,84;129,87
2018.01.26 03:00:00;0,0006927;0,0006872;0,0006963;0,0006825;148688,68;102,13
2018.01.26 04:00:00;0,0006872;0,000689;0,0006926;0,0006822;78409,57;54,03
2018.01.26 05:00:00;0,000689;0,0006815;0,000689;0,00068;114854,46;78,46
2018.01.26 06:00:00;0,0006815;0,0006823;0,0006923;0,0006796;157620,44;107,69
2018.01.26 07:00:00;0,0006823;0,0006732;0,0006918;0,0006709;191775,27;130,27
2018.01.26 08:00:00;0,0006732;0,0006853;0,0006926;0,000653;462448,86;309,14
2018.01.26 09:00:00;0,0006853;0,0006692;0,0006853;0,0006665;172193,88;115,77
2018.01.26 10:00:00;0,0006692;0,0006761;0,0006846;0,0006674;183312,44;123,88
2018.01.26 11:00:00;0,0006761;0,0006841;0,0006845;0,0006715;119268,39;80,98
2018.01.26 12:00:00;0,0006841;0,000686;0,0006955;0,0006782;195614,72;134,11
2018.01.26 13:00:00;0,000686;0,000698;0,0007095;0,0006847;197452,91;137,49
2018.01.26 14:00:00;0,000698;0,0007146;0,0007169;0,0006965;162679,35;115,24
2018.01.26 15:00:00;0,0007146;0,0007165;0,0007249;0,000708;316425,99;227,15
2018.01.26 16:00:00;0,0007165;0,0007044;0,000718;0,0007016;210458,76;149,16
2018.01.26 17:00:00;0,0007044;0,0007196;0,0007196;0,0007016;132251,44;93,87
2018.01.26 18:00:00;0,0007196;0,0007222;0,0007328;0,000716;132656,51;96,14
